{"version":21,"hash":{"type":"Buffer","data":"212FUWL9VVq7pct12qwn+iwn+MRqzfoWDwSWaIWkjsXxbhUg3f5gVswA5CKMlIU36LrXOssdhreHFmOzPqK54FK+6QDDV3vaDCEQOgGUj5BoJmQscqY4Bg1+Wdj4Hpfwb7NiG1qnglZ9AbcziP8KYiteQD2aLokFVovMg36Wb7E="},"indexValueMap":{"BtExTSwjxwZ1ulRGDIBoM2/0mFHEz0UlfVx+j6BoUag=":{"valueMac":{"type":"Buffer","data":"AVLAOyglXWzG1Y/FEXMye9pciK1WyQU9vGK21t+SWnY="}},"KyjySzmPmFOXVy8hjnVy8gR5ss3SuY5sBVY++PqAhYY=":{"valueMac":{"type":"Buffer","data":"aPQmBwhl4odJjZs+ZFFfD/IGTivcNrQHaV+GL8/O9vs="}},"Xj4eJ+P0xI88UK4wH7TJx2r6WWXWdZeQ0JX6fkMDm54=":{"valueMac":{"type":"Buffer","data":"1T5wpcYjdvV2cETpUEQlghnWSFcaq0BBJL/sQyjuJLg="}},"anVXOqqidOBzYNyi92N6FQiw05AUdhnPvFBV/7+Q230=":{"valueMac":{"type":"Buffer","data":"H0WcGKF83ZfPjWqcqPpGuEUq/1Wu/E3Sdk3GV+wDy6Y="}},"mmUfUXcuhzLIOUb3BxOaHQKnTQkad957eyK60D+ILZc=":{"valueMac":{"type":"Buffer","data":"xn79jChIFRQqb9pKcZr3fbewV91VqRX6spCHLNVsC5k="}},"sLpKhu3suK3LFVrQKUKc/VhpNVb3JfXUDvEyTgYZGjg=":{"valueMac":{"type":"Buffer","data":"KIo90Q8TBi3wE8kvhFw9vE8A7GXh8lPBi/+wWGL7DYI="}},"0r62vQCRKZqFydAoSSUyri/Ku7cHp5x1Me7SVpTdh4c=":{"valueMac":{"type":"Buffer","data":"Efm7TBaUHBGGoycPj+1ijpCeNJoNDneec7/tajJTDUM="}},"8F9CS7CuTNEsrVeGoftYiXKModVeC4BT6+FhVmPJewk=":{"valueMac":{"type":"Buffer","data":"2yez7vD8E0dyNeVdTVxuC9T5Fp3GOPKp+hEmgFGeCbo="}},"+bVnYX+xhBF7rOGyEUxvQL9enQuSFoU4St3ge+ReHfI=":{"valueMac":{"type":"Buffer","data":"r9wOLBukbEYpSK3eHk6nHPyK8UzV+g3/8CRanjSYO2Q="}},"QYQ4Z9SVZWBhMbvX3KfjdFf5NjQYVqLoEsPA6q45uGE=":{"valueMac":{"type":"Buffer","data":"KejC+oRdeX+22J93w+CnLqOzsn7oHo8assvN/KwfR6Q="}},"tTLIwzI86B0L5SK14hvm+AV/WZypJGycW8Wu9I4GPnM=":{"valueMac":{"type":"Buffer","data":"1e8QiyvAqNYGS+MHR5Jmpc0QRlM2fN+2SDJjg5K58BU="}},"xrctYNRUwo4q+oc+d8b5KI7KlF412ViNMZHQB2amMoo=":{"valueMac":{"type":"Buffer","data":"EIwVtejwIGGahaBsu05djwFpi2PNglfkAuUanHdEJYw="}}}}