{"version":11,"hash":{"type":"Buffer","data":"fdGKw7Vl0k9J4g9JYVr/Fd+eHLsb+ErVDFyTETgMLQcx0fM5O1rgl18j8fw59SevL/1LtxL0iEqvbzYzEJNARBhGMj++0hQKZMRtr17vCKWy6UgjHhonF1h1OEcu15OIMWkvYgI6KI400YYN/0PjTAEUBEFSCPCxPh61Bw+wq/A="},"indexValueMap":{"RcGH++D1s2x24N2i9QvEfhs6PDQVd3wkxjegEoBgF/E=":{"valueMac":{"type":"Buffer","data":"g4XNjzwISIJRpRM5kAyUMlH0w62u+lrCBSQtil6Q0Ys="}},"s9whsetK+uTBPK7iVCzHrBYlRR2zRtSZwmEZwBW8hRA=":{"valueMac":{"type":"Buffer","data":"b2S8wihFw0WhNyH1zy4o8jpd1qREG4G09J3gar9rbnU="}},"zY1fLCRbei2zRLg7UF65BY/RXyCYMvnO+hbmRMiyH6c=":{"valueMac":{"type":"Buffer","data":"F/zHoyI8ddz45aLuIxLFvVFisZUfXI2uG6+DusrT+RY="}},"4GVFR9BUU4ZDE6WsXf1jjtDVgw70psK24GNhD5Lj2lI=":{"valueMac":{"type":"Buffer","data":"0Al5Dt/WyoJctmt3wBgaLErZMiMFSlWBJLSFmyTU+tk="}},"c8DRtgYK4I5wQVhYDL/dqhCRiLZYm08NEnvNER0ioKc=":{"valueMac":{"type":"Buffer","data":"RLcqIh3vJpr+GuVYItt0dnX4tJv2CoFt1U6R6YVkM5g="}},"PJml7qnwSj4BPa3QiT/NIl1dAuizgU1f1k1rasg9zuo=":{"valueMac":{"type":"Buffer","data":"1rpMtGHsKbi3C4S/4ZKl4FRRTHM5JztJUJ+Xxgarba0="}},"vHFekXrvNT5kywOLYxyXxIncDfl8G/FZbOnw0zaJ3v8=":{"valueMac":{"type":"Buffer","data":"osMdRQKIrMOQritda9d+eSxbrBZuvwuAc0hkxw6aMOA="}}}}