{"version":148,"hash":{"type":"Buffer","data":"MeM+o0oW48+LsW4ZHBu2KBSJbS9+19UmosHyZf3abP2r+ROYfHI+vontkPSAy+Ynhozf4/AwkguX7ZUHye3XmlbBfqgBUDdPVzYHmjj2f4m0uNxq8qhH7hMdHknkgpFqDPA6Voe7r61Z0vGHIwgkDoW4TLmP2Dpo1gR41Yl3a3I="},"indexValueMap":{"AIIbp+EvzUsmAXmijnTdX08y2bnDLvtcDLCNyCK525M=":{"valueMac":{"type":"Buffer","data":"JUsGW/Edjt6yTh+aYICcCTe+pS/OtbjisPzAWD5MGe8="}},"Aigu1EWcoGuxJqkSY4YW3TNQuOoVsR3C7QgBJvv8F/I=":{"valueMac":{"type":"Buffer","data":"x0qkb5Irk7Y0ScBEwro92wO6IIiip4/sI6CAzC/nmZ8="}},"A2/qh9A3++R9PzsS355SuAksc/Bi5XSfdz+CKfoAit4=":{"valueMac":{"type":"Buffer","data":"6yaKqDihtwk0488Cz/McpfNJrjqycDv/sdlmcbnv1fs="}},"BDtQqhJtVXlvq3FOfDdfPzP161o/KcnkF13aJ1lReCA=":{"valueMac":{"type":"Buffer","data":"DetTj1vIyMdGFTIvRMaSqqFvAV763KjEK4E0xYv2CMs="}},"BQfEa2xovcI6tWlKLpf9ddsQnczlb3ggIZNa/fJM3S8=":{"valueMac":{"type":"Buffer","data":"AKrVWaJKvNj88kR7lo6h5KDxIVlZ4FB3lBZnNyew67w="}},"BWfW+gcnToccQv/l4NGYkqhEv95wzAVSKMdiogbiFz0=":{"valueMac":{"type":"Buffer","data":"Z6/Y1mj40LnREwxE5NOQcwvp7u8DSHFxlhEFG+Ptdek="}},"BXvEPy601UxrNcio7uXk+whRVIWi4p6W836i4k0ZHqs=":{"valueMac":{"type":"Buffer","data":"0QXYDd3ixzNQ0Znzu/D/yugVNv6gh2YDLqqhRO9x2OY="}},"BbYh6vROK5hTMRrSUdLpteHNZMyc5/5hmVG1MQxA9l8=":{"valueMac":{"type":"Buffer","data":"2oqj2p7kwYBNVxfszYDJUu3Kyv7DrxNE1DU7KfSGKMY="}},"Bwa6kpW9xWfElOCe6qowx9yx8otcAqhxNNGI7mo0sn0=":{"valueMac":{"type":"Buffer","data":"bCbSPv+DPSf09P2hCxoDbowow3reVruAvzsiyD+LV3k="}},"B7EdvKI/l6CPfyYdYX+/wbatQ7h65wnEpfZwfiVT5Lw=":{"valueMac":{"type":"Buffer","data":"L7pbDdFHsHimIHxqRULcbRi1khtwXYIrLFILQXSeOAc="}},"CEz2JyyDwVSZ6bqDqxbgaDzOvzvR1mwvEiq9I8c+hTc=":{"valueMac":{"type":"Buffer","data":"D041rU5TSOZ65XtlIPyLrCGayV33awcgnzxKT1tnj7c="}},"CIYGPlXAvjZ0DjMSuOH9qoQCuulbGU52hVKMk8uXBCM=":{"valueMac":{"type":"Buffer","data":"7qCyKogmy8o+etpmeJjyXZ9HL0piXT3FXL/Q83cnRN4="}},"CkxR0WeOAsxo3OuEmu/u7v22oGg7hp6ymzV9sPrpqc8=":{"valueMac":{"type":"Buffer","data":"WGCjsxfqS0VUwQzQkdY/t5jnDeJ2FFgewY9kHoHaLH0="}},"CmJjs7nZYetJrYKYFPHrWbhd9BOm1b+CwPHeuLY7GSI=":{"valueMac":{"type":"Buffer","data":"b88SdSTiOx+MlCuXqQIYlBaQv5/xUNkQSk+0j8vGi4w="}},"Cn8g8hRm4uPvcBqnR7kA7hOLnibtqURMmsSm8oAnJKI=":{"valueMac":{"type":"Buffer","data":"y2BXWI4V4enbJgelHHt9Fp5bpangV03iBVqYwqpiAdg="}},"DUnQPZVKKzuXxGr5H5VScv0oAfkk6up4WK8zvNo8W44=":{"valueMac":{"type":"Buffer","data":"y4CkmS3jy58PFHUx0cGNXBccKBfC4BujLazc0Z0YRCE="}},"DUn3hW1lxqlV7Lvw+Kse94dJVz5vW1IdHPhtBZXICx4=":{"valueMac":{"type":"Buffer","data":"0fR1kyCrpd+L2GjmG5yLty+ECuh81WODzQt5AFxivpk="}},"Dq0VSb9wE77vByXUlUlrhLXfrvwnEQbkbHZ4EsJjvPM=":{"valueMac":{"type":"Buffer","data":"LJAhrcYVKBEKaLpsVAa0XlQL1ipUE6PHP1sV5gfEHTw="}},"Dvj/86/tU9wjE2wt74q0UB/WabSuC0ZxLqKCWbOPOYc=":{"valueMac":{"type":"Buffer","data":"09+6an7sidlSMPb7lifE8Fw0PiZ6WZpGGSi70vfltbA="}},"D7XcBuCBZGoPx5MQpmH7nifCExpEEzP3tLFiKSyUbJ8=":{"valueMac":{"type":"Buffer","data":"RsZP+wPihKf7UooNCj4V9GrtkeinR3/Sl9wTPXLVdxk="}},"D8ZHdx02aqzMctjHPhgmKpry60X6pq45dPWLgiSsz2Y=":{"valueMac":{"type":"Buffer","data":"YrYDL8Jpa4hCRBr1DEcPkAjfpUZAqT2EC56tBadCHiw="}},"EdZe2cwtwzblq+Pcvu9G8CpyabeK8oIr5FqV2zsGNFQ=":{"valueMac":{"type":"Buffer","data":"7WyuTuOZcQtmMceLhmPnEh90FMBTdJdgzBzDkItQXdo="}},"EjKKF8dJBl9WOx4sIDUbIphQwpfBQ3jll7i4ZZqTgZU=":{"valueMac":{"type":"Buffer","data":"OvDCZ259+QEzcKK7cd7rdyYf3hHgdQSIV9uCZCU7Vqo="}},"Exsp6kvm5qPrjPCElO2UmfvOiX5HP73zntZJUQxG/hc=":{"valueMac":{"type":"Buffer","data":"ayp0YIxANLPJbOQLVCVxtALzjWa9qaLePtZzdomu8qo="}},"FDAHYZYMdb6BStbcr8wxtXBQLQ3h+jYWOmnXB8eZmQA=":{"valueMac":{"type":"Buffer","data":"ecFV1qvXSTeAnGpZN2vKLjNuS1NDDdmQqs4MvqYA+Ww="}},"G6SKt5c7AhizV/ZtCNJAqZmOVY9LqAgIchRNxaPbmvI=":{"valueMac":{"type":"Buffer","data":"fnMPpoBT/dsg5xsfP5M4jqdwNEQCFKzZcy6zKA/yvik="}},"Ha7OiGr5fSyNep0DS5n1Zei/7J6HdJFbKsaM23SC0T0=":{"valueMac":{"type":"Buffer","data":"Gu3K6D7nyt6wfiB5e7EFx2Okwy2FPWLnpmSb/s9KkIg="}},"H2VubABWPeiRMFF0Kj8N+y95xaxKgnbm4IWhrSgwq80=":{"valueMac":{"type":"Buffer","data":"GaC0l9VTCnrN9roay5QzWZU16Qy3QQjWPgbQKO82n9c="}},"IgnXeXDuuOPzehudasmUFbts+1yRt2EZ5Z4/zGlbq3c=":{"valueMac":{"type":"Buffer","data":"Ogw4Logp/cSPEqivdcjdBjZEraCqpDazgXBFI80Cct0="}},"I0G8ZVHpV1CtAYg74VqkWe9ePClW0bZuA11iMI3UWEc=":{"valueMac":{"type":"Buffer","data":"PVPMImTWFxPBbqxqOjPS9wH0tcBvoGOc6Aqaks0kCwU="}},"JPAh3VrAeKsOn+T24OhtC6/dCxp9em3odo7L2ub1x/8=":{"valueMac":{"type":"Buffer","data":"OB3vHZtUqLYBMVRvr+PoCCnwdo8+FP2TFwsosz9ab70="}},"Jq6JoDPIZdxp3ybHA6Bkr1AIYX5cqXXya0OwoyOAErg=":{"valueMac":{"type":"Buffer","data":"IMDbi2KpVWi7EmV+rza1DO8S8MBSqErf+N439OJq8Ck="}},"JsN+lsYGNh+JxjRKWEmOvI30lbZaKHzEF/uQ+N4yhwI=":{"valueMac":{"type":"Buffer","data":"G0IT9w+o3/nFf9NdFnRo9gwntEcMPNL8TVAu1SP27O0="}},"JsSEQMJfgdNqz1cskWUyb4G9hBoAEejaT5iGJU8oLB0=":{"valueMac":{"type":"Buffer","data":"B5vJR0bg/X9O80Dc/1RqrqdNsFBNShl+gPbEeiFF5Qg="}},"Jtwa1GbOMM+xf/bN4iL1/3/uAqd3pWsM5k3U8x07+G0=":{"valueMac":{"type":"Buffer","data":"y9mhit7vUWLfvH7+1mBXR5nxq9f5Des93kMrMcM0ksg="}},"KCOucDw5x6J4MozNRnGYpq+hnVAAi5R/QyW/jBcTEgY=":{"valueMac":{"type":"Buffer","data":"D5y0+KDwK+ljPDyQLFk9rYOeTY+kKsre1cj/Kgg3zvw="}},"KDiq3Pg+Z447z1O8IRgey2iyriPD1D/kxKUy5ifLVR4=":{"valueMac":{"type":"Buffer","data":"CEo5aG5OYTcJYvva1n5h3gZ1nYol6VJ2hvADs5HvVaE="}},"KkNjSSS/h5qBAT6WuePAR3o9aSWXGMqthZMO96f0Lgc=":{"valueMac":{"type":"Buffer","data":"Zo/PTpf9i56o7WswhlvQ8Cjbpk5WJ/b9rTzNc3z4Q+U="}},"KobA/da9zHWuKkHgCIlLdN3PEvkelFJyMVxn8zARHt8=":{"valueMac":{"type":"Buffer","data":"F/heJXIzzW4C9u6e9WEhEnjcP625bb6QGMmlqwldqPg="}},"LNhWJbA05YF8S358mDzoYeE0agOa8IxqULOAd9AfCNA=":{"valueMac":{"type":"Buffer","data":"W+esDpvAuiIDsB1g4rgPaJi9PgWG3nV2kdAeQG/IpB4="}},"LaB+fgpMSx6GvPa1gDY4iKbBeAX5HlabANx8fGVthSs=":{"valueMac":{"type":"Buffer","data":"edJyXuMHhI+IXAmDcaEIxv27dAVF9Trapb+ui0M1Gm0="}},"LawycQpnpLFRzpUcAf5uqEIJ0F3VpKhnqiHwD0koJFU=":{"valueMac":{"type":"Buffer","data":"REilKSTXuR/z6LbUfAEFvzdEIki74vUO8JxmNWsvKV4="}},"LlaGc8sfLhypPO1ko4+jz9cXY62Pa3yWLzEaRN6l+vM=":{"valueMac":{"type":"Buffer","data":"hLpOa0785fl7+sqIdAtDLn6RXYcBDoDbj9cnJO48i9s="}},"Loyrf4bFPWbKAmS9xCqX1wAZmFK/hkPFpGd0jPdBfM8=":{"valueMac":{"type":"Buffer","data":"JFYe90XRz7T6n7exoKheSDizNwKP1/zzbo/o2xh1sbM="}},"MAMylpGf1qB3ZW+u7KB5l5Rutg/orQLwR+mGVDegAXU=":{"valueMac":{"type":"Buffer","data":"OmkuyHITVXv9+GoAYVZnOEbUoSQnJUcJ4hP72ZMhFvc="}},"MLkNR5WbUxbiftj2x8vfYpZhXAJfQ25IDmDwAyzLhJY=":{"valueMac":{"type":"Buffer","data":"G8+v99tBODD8b0rBrRTq5SWppLLu8krnuMMZrJR1g0c="}},"MM0vQxPs17m8/X+wQYi8nMUCVrIj69B9XLts0FwtThI=":{"valueMac":{"type":"Buffer","data":"tzIH8WKDloEWoYrRIiCJrjT6X2vhhKwkgyKpDyHzuPI="}},"MUkzN43YaicsGYvh4cNkbmMhoE1f7dqX/5AH7cbf1VU=":{"valueMac":{"type":"Buffer","data":"me4EXfDVnq7eOSrL4HENfxjFPnpLtvMUGKkmMFDM5Tg="}},"MavmbHYMi0svG6UiFr9i+AvZSOhAKHqh8akE1e8ftvg=":{"valueMac":{"type":"Buffer","data":"i7yYCJTWpTrNJ9X6AW/soeC0hzJVjg9OXnHahYkQ69A="}},"MbuCe2Ct3Z8SuSFMnyIvfGt2tbrQLLv/t/DXllmCyG8=":{"valueMac":{"type":"Buffer","data":"+r9sCdWNn2VyVeiw//2FdQkOmdQ8uLmssTlyd//OtSQ="}},"Mejo6Co1RMenu8CQZQy3q9r7sQNLI3nBISuIGr/59VM=":{"valueMac":{"type":"Buffer","data":"KQ6wAxBKtUE81L+ybzE9Z/XyfptAFchXgl/F4PTZzBA="}},"MfaIqTkfUaEr89Uj3sbTLS0ko7x8i8lxySEjJj4suug=":{"valueMac":{"type":"Buffer","data":"xBY03mqsXGYXaAA1sfdzF1VhSWZRPTwfRLI9MtJCRYs="}},"M0o4BbikHl+t+OZ1JJoWA7I7EVBykFfeDL6+sL5VYZI=":{"valueMac":{"type":"Buffer","data":"8M1zP8b5H6fiALF1F0fDPEehl96x9oPBeTMZOJWMot8="}},"M+lcBn6bLzjVEv4u0I3SshQGvfFU4UtAQ6Nnc0Kgsek=":{"valueMac":{"type":"Buffer","data":"Ls045n1MKP0E0qh+RM8LDxvzox63MOljfhNvRSvi6/4="}},"NXjTHajx+q3aRI9zlrko/kxYvP36knxV7CjlfxX3rnE=":{"valueMac":{"type":"Buffer","data":"89x2ij+XVN/JTl1wnjdKchR6qKHooh9NTvfyz+UWnX0="}},"NdevESRQX491GexlYyyLNSO34770Wf1/289qsMFqnos=":{"valueMac":{"type":"Buffer","data":"ZVcy0ImzQs+7ZHUpPrHP5eBn9rPhkutW3sgFF6H5uEM="}},"N1Wkv+9JFZ9TBMjEocSiYl0hMSXeWS2XJBgMXgztC+0=":{"valueMac":{"type":"Buffer","data":"RrRCAX+g1f5ryrdkYGSDo321qi6UVAcuIEg62l5o3QU="}},"OKxMHXZdeW+ijQBlHkmbZpqX8eAP7VKGqp9ihL9YEYY=":{"valueMac":{"type":"Buffer","data":"C0tY9C3+4n7DFvmtK3hv9p57Ztc9oeuuILxA1d15Fbw="}},"OSuQATfSsxnla1UWBUcOtEEkbF0OrdE5lEfSlw94Zwc=":{"valueMac":{"type":"Buffer","data":"E0qhQ4WQ4mKeeYa4hBx9NI9vNgShmqm8pYZ1MOA2TC8="}},"Oj7QmLC1BGz+hPLFJRHWTsxbc5+28tc6oKcSXqNM75Y=":{"valueMac":{"type":"Buffer","data":"H0SG+3RwdszYVF6mhBH2mgVOb1Er2ayshfAl8qcCG2w="}},"Ow9yOWOqUXEqkF97ZV+n3LnUMDSXLRRRp1K22/5nSpc=":{"valueMac":{"type":"Buffer","data":"kqMMPwZQY2wtlWnHIQHpXzXKfeyKmkfvkB+Rk6x757o="}},"O2vpDbwGv8LrLKwVttJbVP3BKwE9ZXgp+5z7tiaRHOM=":{"valueMac":{"type":"Buffer","data":"JoH6h/SZf7XE5VZlbdizuHUXxYnZx4ARKfqIPOdmzKo="}},"Pjz8h/mdgwUwAZea+vITHuYt8Pi8R8Gzm2Gm+gnGfVA=":{"valueMac":{"type":"Buffer","data":"SABQ7WN3zHcbboc/9cpFbHLl01JZq/DkRbGIhQXkRM8="}},"Pocot8sR3kmulEK1cqF0+knZe44pai1xiDrzHU94oD8=":{"valueMac":{"type":"Buffer","data":"yn5fzW0YddKhNavTZb6sKXeVcNQ9hdU3m4s4LPVQOpo="}},"P+wG78P0o37ReumpivmT8xwiVzuoTBz5MlZ8Qei1caY=":{"valueMac":{"type":"Buffer","data":"gihGuayUOzy017yC1+LJ9+MxaqDOh38uH0V29ZVJl0s="}},"QhK9eCEtUaAwUMpS7UOy6bmaOUv3CuY524/9bK71RwI=":{"valueMac":{"type":"Buffer","data":"VH7SFQ2ViHsFYoCgK3KQ3GjXwVMnnXe1Gt9zj4zxdUU="}},"Q3Vt0TxG9LONNCat479Urwr+EidWMZSWmN9E6TR8oMs=":{"valueMac":{"type":"Buffer","data":"8cm8xn/Hi2d8MOTFCzBIrA7JyW+hMzW77lX4sTzq/KQ="}},"RR2RdkwvMIyRkBroLG3GMTM6/YnrtgMRDqAwaEyZzpQ=":{"valueMac":{"type":"Buffer","data":"UBXzUEwVQwqe2hoeV7xtAevLsvLlBWjxE085N7pdPrQ="}},"RTfeSXDhR6YOpEDv5eMWIbBuykMvCK/W2eATsux+NmQ=":{"valueMac":{"type":"Buffer","data":"gvY8Kz9wqNkt9gic0SEcfcvQ07nSiXyNyFyuxbrn2vU="}},"RWvsN0JrlW1KkY9x01LJp/0akYi859ZVuJe8ahbIPz0=":{"valueMac":{"type":"Buffer","data":"iHy3ewnTXUID9LmQIKNm4Eppw4rDaEwtRffFNFkn54I="}},"RgbV3ULbmHIheFLiwsKoSmUcbXSf59r9dymH2ljCld8=":{"valueMac":{"type":"Buffer","data":"Ha4Cx6XJh7yFGDjBaz0Pa4dHg3tMhHQyPzCoGSHUZWg="}},"RmJKA6gdIMlTyGAvhGMaUZpzw6OfOn/2wv2ZkCkOS6s=":{"valueMac":{"type":"Buffer","data":"GwVjB14sIqcUYAZU5Mej7UeI+y7SaqQ20Yk0RHQ7CR4="}},"SRkssIaFMwpVY6aiDpZcXxYsqVgiv8gNDQhIHmNalWo=":{"valueMac":{"type":"Buffer","data":"gQ3sdubiRdfXetqVCqRNStPWkZG3cJhNQtAXiRc/UtA="}},"S8M13F0TVo81FKRPn9HiyTGmy3DhOlwXB5Pm8NSKuts=":{"valueMac":{"type":"Buffer","data":"515sTBZSXnrxX9KKC7EoP7cdSkW+MldF8ib+FdJ+EJU="}},"S9qxDptdysfqi/NzB0MOEHoTPjX4qaOIJBdejrwQkHA=":{"valueMac":{"type":"Buffer","data":"QGqr/fiEKL1fYB8+xj++k70JSJRv9/9bCK0ziY1knQ8="}},"TALufBxjF55/SPCVyoVKHNLbbo3EH6otnJwSIpUTn4o=":{"valueMac":{"type":"Buffer","data":"kLzLmoL6tv6yJLQpYJea/5xk/V366yzhRO+zd8TGw+k="}},"TIE2pljsObrBw2RnwusJllSTex+0DleNj5qHKxTA9nw=":{"valueMac":{"type":"Buffer","data":"DZymuSbcxLNUhnlj9IjDcZRw+3oR1mpYQemWNL2XB4Q="}},"TJI3slsQbJ94zWWEyblcNtwdHHBFuJxXs4FRxREncIY=":{"valueMac":{"type":"Buffer","data":"b7Xi9LdoehifwDb4wE3O9eoYnnoOj9imBe9bCc5bk3U="}},"TMzgV+KJW9JiCGQ+Il+Xmy1drl9zskPgn7iUgv9W6+A=":{"valueMac":{"type":"Buffer","data":"L2moJOon7ra4s3fHSbAvzRc/Narpxw3b/NEOu+xRcdQ="}},"TR4jlia77o7n3ONom0RQv3OUmeFFIzmMjd3Mw3lcitk=":{"valueMac":{"type":"Buffer","data":"8Zc0TSCQHhPIOeF1MeDc/Qu/ZRYnT1ok7Be4DAXjcF8="}},"TV1AF9QNjpPpoqb4ZKfyCV/vAM4WiNWHupyDkwmD5QE=":{"valueMac":{"type":"Buffer","data":"AfVA0SD+EmkBYfnt+kG7cS5398ke/R8t833W7lO5dwg="}},"TYdBWDC3rqx/okC5Qu5JzbIPhGzkyaizaTbPBfPQBNM=":{"valueMac":{"type":"Buffer","data":"ws+lgPkhfacSswSV6bJ/4cy2v4bk5j9MkSoddax7+WY="}},"TY8LXmHmNnktEZ5/ZtWfeK+Q4a3uGHrLWA6MbXWms7c=":{"valueMac":{"type":"Buffer","data":"dxAvhwkxWBBdwVtCVOMgSI/vkzZDMBobFqIT8rY0YTo="}},"Tmoynb02HixMkY4pM0mH7FJhmIEE22TH2NNc/7ECv/M=":{"valueMac":{"type":"Buffer","data":"K4tELg4FOVAPg4oEQfrucDTfSrT9TzFaWvJmtPMhx6w="}},"Txe7G7IkdjRIL3cfI9qp/VUV9XypgRq7Y35eRtCszCw=":{"valueMac":{"type":"Buffer","data":"U8fGOPY/whi3lR7k2PBxGPx/zYTsjlerUb3iaGzXriI="}},"T0z0tO/BBrQq/uyBRSaxC2DLf89ax9ulgo//SdixUpw=":{"valueMac":{"type":"Buffer","data":"mDq1chCjmCGkdny12navdGy8ie2RrqOHQW80ozUq8S4="}},"T5Q3QL0+ezYDe50qD0ASJB7U1VC0ikXsIM2VcGB2ipk=":{"valueMac":{"type":"Buffer","data":"HM8zCjKgjm0/9Zqr/asr5fJB6jYH4rIrb0qknEey3Xc="}},"UVR+gRw8vEep7KQSpqdohvzqq+GkA5yIAQXSLdOwZ2Y=":{"valueMac":{"type":"Buffer","data":"glMKVUXSdtYTXSGSihJGEN6BhTVk+yjnjegk/yhChUo="}},"UZ0Ah3GEj+d4QllzoTXVPad+XdhC5YP8k89luId5JXI=":{"valueMac":{"type":"Buffer","data":"VxEee0pmqXPkp2Zp6SUy/ENTOMhCiswOopIpwvZvbNU="}},"UzENtZNA6eAzky/Y9A3eHFyxSNNV0j7kk1POcJwwf0c=":{"valueMac":{"type":"Buffer","data":"IHbqNDU7JidlrfZMQoxZe7PEx/pnz8ccqpN/PLwrH90="}},"U4NV5ux5KKYNkOpscLbFs5zouJYfaJCOsIvk6FGjRz4=":{"valueMac":{"type":"Buffer","data":"xW/VohHCdfkUYJxIgm5s0Ur0EHqMJ8fycLl2da/wczU="}},"VKP5T3vGMFD5hw87aMmIMc8fDPSM5B8OUe/CEyUhs5E=":{"valueMac":{"type":"Buffer","data":"+FJuaVmkH0qnUGZuNlc3PWNgTCYPOYulte9C745CX3M="}},"VnANVaeO2cGGy/bRnAzcdOk7yG3VvpdHnlw9RsKcHrA=":{"valueMac":{"type":"Buffer","data":"0cj4xwjSiYeYzkjhGLSVMelFdfvEcoO0G9RJrlPW6Us="}},"VtbGqew/jRp+HqQY8UbjeYJJch42iPEZCwDzPOmkFFY=":{"valueMac":{"type":"Buffer","data":"0So8Q8HFDLxHVQF1UvleGdeTRKdMOiv4EtPlq0uSuT8="}},"WszQ9eDsHAEKpFVyvNuUumsULf3trEH857OvFnRSqiM=":{"valueMac":{"type":"Buffer","data":"bG/vC5jhfSqIyxieN1IHWo4OqZDVwf0kQ8b7hGHPN5A="}},"W+5tMKFIIWu0MebnqHKImBWCJ2tYghoqUQdP8hayf0o=":{"valueMac":{"type":"Buffer","data":"Q2dGXLzRzXsrNvfVhX+xbly1GAjhsXBHi2tWMScBbNM="}},"X9KMwZmMaJJ/NuoWTwINNs+OHLVxxeBipVb2B7hQpU0=":{"valueMac":{"type":"Buffer","data":"Twew48+amBP/iNm3kY9GZDVcLu6QH+d+UFmB8FDlCJ8="}},"X9LuxPtK3gg+7bd5K/9s69VcEXGGHnpF/UOX3ARjUjQ=":{"valueMac":{"type":"Buffer","data":"G0G9+hSE0qStmkwCXo8BSFD3V+VwwiGASkACx6kE++c="}},"YA5T9QKJjvoErJLjQuCEECdYADqrYDxi3G+Jm23bUUM=":{"valueMac":{"type":"Buffer","data":"KwfKLimZUcHnNVqeZ8qE42A9r5f7TQEjqzbO1MweI8c="}},"YGT+reT+Wu+bLbfm+yuCnG/XJ7aoDVwUEevRWir2jk4=":{"valueMac":{"type":"Buffer","data":"FMm5b+wHdUJPxJ/NzKkAVwAivAN9emdz3RgYUezEq8U="}},"YaXC3YcJj8rAKV+Yz103BzBSlMjySVz1vTcWP0XuEYs=":{"valueMac":{"type":"Buffer","data":"jC3EL91uHDsoECr6XbnMb9qzAB5pr6uCdBs1noQvB+w="}},"YwhnxwCuZvBus7Zpl4W4KSTwmr27qnK7XP/7MISgDdM=":{"valueMac":{"type":"Buffer","data":"e30DA2087ZrynO4ph6+lSLz66SFxWdnFPHXlMAfHo9Y="}},"Y0tRqwU54V6nbOxd6RVM8q9bGonjVzzFkY3OBklXFzU=":{"valueMac":{"type":"Buffer","data":"b35Ve9tJSVDrQp/z1HC29V9Sc1Z9fzOjveubQ8tTVv8="}},"Y2pmvbp8VYS8Cug3XSRti5nTC+NyG2FIYd85MdG6HNs=":{"valueMac":{"type":"Buffer","data":"9H5k7AWkYMoETbP1rtkuLUEE3TaHZqr++gyz3sBtzOo="}},"Y49Mi+l1BMYGWGjqiJOp3YLyQLtEmhi2/KOllL8Vobo=":{"valueMac":{"type":"Buffer","data":"IsCNLD5ItihsquI7y5fHHn2QjsGjrBFdM9T2UuL/W7g="}},"ZvHpOozGxmlXGbpdWwiaUfKG4Go8O7F4i7BS1BdfZVs=":{"valueMac":{"type":"Buffer","data":"Zpqe/1my7AmfV0foZMh2jsnx/WqWyDeviZuhb6WM+lY="}},"aKGWMfIJFToAOj4GtKmWtWbcKX8eIA3U2vu6osVdLUk=":{"valueMac":{"type":"Buffer","data":"GC3urqglPludiefay2s9kKlULEPzaCzncZhXBjLiZcA="}},"agOSc1BJjtdjIKoYhpDTeHhXjg/nDhj0L1XVAPRHhyY=":{"valueMac":{"type":"Buffer","data":"Yn+wauRIWboMI/rHbuD8kcV7zvjn2E4QgMub7tNki4c="}},"auMSHileq4ru4or5C1RHgq+1wM3ymOjVovfbV5PLEbs=":{"valueMac":{"type":"Buffer","data":"PfM2SU7MnNIRmdcvOgoFUP5m0P4/keSO73+qyqADacM="}},"bjjAnkwZm+/IZxOGJsmbkjQ6LytAgIwnmU/k0fdz0I8=":{"valueMac":{"type":"Buffer","data":"6+p4JIr0YE5uEKOnTIaDQJYkZXSp2jx17hRybeHz+G0="}},"bkqGERuOynaUBl8ryOU0GZb3JBozK3PBT1nXpqiUIn4=":{"valueMac":{"type":"Buffer","data":"kUuj1qRxC2MYu0dxYeZSX63D0PqzaBWijVfOW/CgvHw="}},"bmvlyJyPKbg+y8JGwqpxopIqapdjNrwOsD0FpiupNbM=":{"valueMac":{"type":"Buffer","data":"+K6PA8L39iGRtfGK0Yb7i8JNVy5WTw36R0X010wL7/I="}},"bsZiCwUJq8D9e42AfHq+xp/WRSnhmR5++HH11Hs40+I=":{"valueMac":{"type":"Buffer","data":"qO5d8Lm3r+jIeRTBfvNvDnMXjrBMzH8V+ky10LF6SDg="}},"b4+Kdry60UZSeVjnBn/cfTKDwC0djEk5xJZCuSdW5f0=":{"valueMac":{"type":"Buffer","data":"0rTPRNKDDNuAdYKXTLkSfzsp46FYZoXVPcM7HVuIzEM="}},"cb5Te20Iug7ugMAmdFthMNLY74voiUdRvHDWpgoWJiM=":{"valueMac":{"type":"Buffer","data":"RQYAsVMPsgS2B2cnSUeGvJdRPzC5CSckWAqIidBfAGU="}},"ciGfIxxmxrdfoPDrtKPEXAgZbisSV6bR8y+80KcI4S8=":{"valueMac":{"type":"Buffer","data":"0Q0q9/u5g1O17f7szQAuK2v5Lcrg0FyyDUZO5NCNtP8="}},"c84UKfL6rRR/6iP7iwIFR0gEoquhXz57ARMAE7lFfDQ=":{"valueMac":{"type":"Buffer","data":"t+WGrcth9ITKY7PkpORVx2mzeuHUwCvhAPtCubFCPds="}},"dLd5O3pED2/Meh8FvwJORTQu+l/dxaFdSHLPy5Mz4bQ=":{"valueMac":{"type":"Buffer","data":"cc/5zYLfmlJjy+mbR86Lfd8VuGcZI41f2k8jYqyA+48="}},"dN/4JHLA6P927WSMRXsvDOzilB7jGhXwq2fESzhq4OY=":{"valueMac":{"type":"Buffer","data":"2oZ8MZ1KCWmmMiBbreLCaJN1tyPa9FF8FjT0T8GeKMg="}},"dXyh1l/y2taYK8e5YcXCXecPqfjbT1GFkOoqo6wTBMk=":{"valueMac":{"type":"Buffer","data":"+ikaVGiuf9xH8HlBYKJoh3+VKW6pd7EHpVsSD8Jkf6A="}},"dY0sXKdbWR6LHRBbWG7jUqm+39ix541g2BwojOEbu70=":{"valueMac":{"type":"Buffer","data":"QbtGSfsWMg8RZMpnsGLXdCvEkfEW0kMQsFxalYx6LAw="}},"dmPww4DivWqaFp9G+73K4a4xnRBzTmBQNHY9NJ9GQQk=":{"valueMac":{"type":"Buffer","data":"ekOQLvwo8fiWmdtfT9b6/Gh4VdW6nYnj/mzB/1ZYjc4="}},"dmyJvE7t3HuCk11HwXX8xOSB2Cej5dCxOvB6uofAYFI=":{"valueMac":{"type":"Buffer","data":"7+NumVvx7wB+wYPTCfSyvIZwEls8al3kxZdr/qr19cc="}},"d8VtUdgTC4v8Z/r+X3iECZknmDsm+V6L6r+VXlOC5ZM=":{"valueMac":{"type":"Buffer","data":"tiwTVgSREnVP7YXiik3iiowwnB60nNl3ljSpvgFH8Jk="}},"eJeQwt9Kn3LQ1zSko5SIosPHpzwbJPxCCtq+LMC9zcc=":{"valueMac":{"type":"Buffer","data":"Q2V0RUgUVtxanmpUAqSGL4++fm9OWYzSy7VMSWC0sxQ="}},"ee1owpZvbEMhU0znG6t+A9cXrbIs3aL4O9WFtKlJeTE=":{"valueMac":{"type":"Buffer","data":"al9gwMR/xGwg8PLr3L97Ed2XYfpSHO9G0hUg6MBx3mk="}},"exCkNFAduUBn1Vg47Z1W0QnfUIopkjhgH8cAogAbqlc=":{"valueMac":{"type":"Buffer","data":"56WIUdzFTddfTEmhnERlGguJx/Yw1enx3rH+JHq2KCE="}},"e0ZOYI6SR0NrI3305X6fLKSTEebl+WUxyTzHc4OYnDA=":{"valueMac":{"type":"Buffer","data":"0Ki/xJLeBCUpHbzCmB04xSu8kroxD8Yxcd+DgAbVrgo="}},"e+0IMi+GHGbvfNLonQBTttkifne3G5saeKdO9iJkB88=":{"valueMac":{"type":"Buffer","data":"rcpiUo6pIDSd7ZnHeSfH7bdS+WQxG4b8CeSMcUkrq0M="}},"fCo7wJnku6iT4q4Vds5ES3i1bW+XOK82xkG0dBhbeUE=":{"valueMac":{"type":"Buffer","data":"HeYu36RKlqbTr5O8lskywXmTqrd2aGtFEO0yMHxNUQ0="}},"fTLJE51U6BAOXNcH8J33Z2U9hH9sgwnQv9B6Olw5LwE=":{"valueMac":{"type":"Buffer","data":"4i2+JIntUpPmtE39w8TLwMbRJyDaj9LOqoOfjB7N5Bg="}},"fpJquInivsJLDLA+92N9n/Ve2GAjAqNK5b6pfWLRaLs=":{"valueMac":{"type":"Buffer","data":"1Rk5s6R3p0dWmv7mCrtdil0xyMJF8aB8am/sCDixR+o="}},"fsiw2p/YxCTAMuR14DTtMezKqnmPDagdHd7iktnzQK8=":{"valueMac":{"type":"Buffer","data":"gXgmVv/XAI2+SeWu4iz0z/8gn2IFC6qoG6CjAlsJorg="}},"gndrC71t6nL5ZJVWeCQjzL8R4t2B8KRu35eDl/sS4u0=":{"valueMac":{"type":"Buffer","data":"K2qTG7ZGpZG+U9BoSPm/9HMR2ax3HumtZopQpAm2+eo="}},"gtcBrL/wseXg4YEAS1OfEvYSQwnJcReKU5VGBRVXKn8=":{"valueMac":{"type":"Buffer","data":"Sxg0yGMe3wcrlkiVep++j0jVkedTbCSh1BfTJHmv+Hw="}},"hEavmwOn7j2WQM32uoplbMLNo6EUwJRAJGw6B9FZ+Qk=":{"valueMac":{"type":"Buffer","data":"J5Pr/rQrfou1nz1z+3tFPLKiEW5hEMvUpHAyJTUlIzg="}},"hqiY8+etwLdt0EchEg6+1C+WdvbsjNQLYYKmwE+/BU0=":{"valueMac":{"type":"Buffer","data":"0AaJrFeFfQunkR8iNq7X79ZBq/W0D1MMG2gWMdowPVw="}},"hu/QT5nxoc7Y9r0a5AApeYJZPwfcQThRwig+w0fnusY=":{"valueMac":{"type":"Buffer","data":"P59Fb8MK8abdyoigoc2AEwosAx+ewvoFG8hNQnq2MWY="}},"h16DntidFVS4PU/swdOLeY2EBI6qp23fI+1xGBzmZZA=":{"valueMac":{"type":"Buffer","data":"AwxU6jvM4MPUFMLsd4GTlW7NoDEV1uHcJbt6SsPEOSc="}},"iQ/WrDz/H3c+pfx24OWlmfdPAlXsdjmYB0rVwpmPCr0=":{"valueMac":{"type":"Buffer","data":"cc7wkZ5iVwTWYEOEBIJaahsMOhkgZkCmwKn8qva4bvo="}},"itNJqvTcUGvTxefee48RqcpJBt/vDR2ngd+9IFuUUaY=":{"valueMac":{"type":"Buffer","data":"7ArddGwUmBRcH8Og5slrLS2yp4w7HOEB7Az1B5z7rLk="}},"iw2n1TmlNGjGwrMm/ZTWrAYywmvgP5oOg9DzAmQu6hQ=":{"valueMac":{"type":"Buffer","data":"P0gvb1GB4KLVJB0BG5gOpvjYngN9s92kgp3uP+XwcK0="}},"iz73GXZsWwk03j9wyZETjalS/fQgBAM/+e5rueOlOPU=":{"valueMac":{"type":"Buffer","data":"E1F8bIdt/xiu8+aao6RHj2RpA0YXj4tPxSblkTcviqk="}},"jJ1q9rZRW5XccLds24fHgU/Ke58fsCVM8Sr/9mMTg/o=":{"valueMac":{"type":"Buffer","data":"34xnYYwmdjRcrSJZoYUb8sNN+zZcq7xL/gbzmxJR2CM="}},"j7fMjdC5y1IADfM0pIfcDDEpsD6JaUoDJ8T+EfZnXUk=":{"valueMac":{"type":"Buffer","data":"UJr2gf50Rwfm8DZAVGKcEEamaxuxWb8lweitq1olZTU="}},"kE3yWsa/x+XtgwCMYRKyBT3KlrHyyIiF4vZjmFB8XQQ=":{"valueMac":{"type":"Buffer","data":"Dm1c3Pley364yEiNKlmmE+apUjz1UchafRgBnkHR+U0="}},"kQf89MF/nAbP9xC4crb1ZsO4GocazhGhtyx5ouDtIGQ=":{"valueMac":{"type":"Buffer","data":"jsKHEdFzCqpN+eMh4/8+wtqCJjykoFZlUOcLzJZMC2A="}},"kXPnKXW/e4PsgmuGa5HS4vA5Kg3BmsYsQrTWBqDOvrc=":{"valueMac":{"type":"Buffer","data":"SX/KwMVF0oizLzD2WMJC90Ez5TV1oAc/A0tK7tdkW/Q="}},"klq8x87fYCXdWHCCkBTS9IcrVmqGrgZhT4delQwRP8I=":{"valueMac":{"type":"Buffer","data":"Zx/51t52xCQiVjXQPWgbltFzDIJujeBcRQAyOmoc+U0="}},"k1cXrfPupri3HplPV4LcHdhtboPyos+fFkMGmWHqjno=":{"valueMac":{"type":"Buffer","data":"iSsdgsKzwlrfFy+Zf2YcWxQfUiuVtOUQB8dncUWQg/s="}},"k4ckP8hc1vqXgqWdv1qvCBX0+Jzvb/q5Kiqi4mqHvdI=":{"valueMac":{"type":"Buffer","data":"LN4Zx5APS1dIKHLUsbuFq4vjwmAqvOWg02OngD6dNns="}},"k9RnPwH/tTxFmc/3OGjewPZp0v2lnLOk2t3WIYBx2kU=":{"valueMac":{"type":"Buffer","data":"cLL4/XWI5WZkAI+KxbivnhdQZUD5Z438SWpKt4jDG8s="}},"lTQYXmIsLq4VKjZFPJ2KPCgp0zhpqPtFsflt5CIGrqQ=":{"valueMac":{"type":"Buffer","data":"Cyf7bX0NzjCeUai6WIoFjArwpenM4sG43ZrRHPnx9Ig="}},"lrKS4d84t2GfBW95bmM621JpVnbqRj2p4vDyl9WCvxM=":{"valueMac":{"type":"Buffer","data":"2ZXfQ+3OoMT27q4Nx87hI9iOzsNuz78Y+VRX8/Au96Q="}},"l7TJbxDEcu/Ez4OxRuw2zNGpF64yx5s6z9THtgWXKUc=":{"valueMac":{"type":"Buffer","data":"cXi0QixCzn//mt2QuHzTWuqjAhe9ysPkZNCS8pTk9nE="}},"l8yJk5FopiGEJwBrqIT/TpuxKwTrcqExplhRCAC4Rus=":{"valueMac":{"type":"Buffer","data":"xiJNLndnh7bK5nDDMe8rss6Oc0f0/d0BNtCHzCyLU70="}},"mn5eRXq3/XZlhRL+cy5KjssPwIVrZ12/Z3lnCmE0MtU=":{"valueMac":{"type":"Buffer","data":"4ZBed6O6ywJ8XIEKIqFLg8yYnrGD/FWqE9NnXS7awng="}},"nN3mWUNQ5S+j9+YHoRA9LQC4J8eqONNwdwi1vd+ThCg=":{"valueMac":{"type":"Buffer","data":"6ATuz3EMLw6f6wNj522x9rCdDDC3Xx83oF5wZ9NZ4Kw="}},"noo5znFHlso069zeAE7bEEQTlHh+hpigF54/IqQ1mkM=":{"valueMac":{"type":"Buffer","data":"gAnHVLnEauLgm/qkPZ7p8lw9KbF2592HCBiVdhr2NJM="}},"oBG65Kjw3tnF4jWOygFvcILevYeHg+PVbvAdaaQ0qyU=":{"valueMac":{"type":"Buffer","data":"JrG/xAPprd2mjgT5Mpuaz6ZM+vmDrret0FXcGe+WrA0="}},"oGUhk1cP23wyEJrj7+r7lbSKwEBbIfYo+cego5zIsnU=":{"valueMac":{"type":"Buffer","data":"XosjDibg4dN3/9pbC2A/HjTQluyEisDjHOQFTWV7YQQ="}},"oJrb59i5tRpV/s+gyg06gpHekoLDTvwBE70U75g0+AU=":{"valueMac":{"type":"Buffer","data":"aQRTAfcxoOFw5o8PwqccokYfui60zStcJ23RgMyMPQA="}},"oiqqgAFKpprY+LNJwB9RoEI6YLBhY3oeWf+R9gktV/4=":{"valueMac":{"type":"Buffer","data":"quypED9YClCwwqLOmiQRZgtZaifRcXTVg2cYC9Txxm8="}},"o/ytQxrkZ273Zt8diPwoot+Z/W5x7zHGyoziXAovOB4=":{"valueMac":{"type":"Buffer","data":"D+rqE+JLBRAac3plNDIYV1p57m77yjVsijoI94/8ZVI="}},"pWzLlePHFxQvL2yv38/Sqd816zr9bMWMDAmaTpBrJEk=":{"valueMac":{"type":"Buffer","data":"HFHy8W4sxvQJkV/4Va772mJEvtq9HzdrUBY6GFXD1BM="}},"pcbyzqVR8Mm1jMGNn3xviUW2iS8eYfxdkUxcRvREWbU=":{"valueMac":{"type":"Buffer","data":"TZfI4g4dCTZNhTACj+hy+mCxHMQfsmzqpNEu+Ln4ca4="}},"pnlXN+Y58lBkSmO+1sa4mO8w8nY9tTrILe3WagHYU7w=":{"valueMac":{"type":"Buffer","data":"XyksneLHTf7J8fgXJB1wTl9CYqiU7EkYNFG3Gif8ntg="}},"psoqZv6SdoanDtQwGVz5OVX/BrSndaxyPCmp8wt5rxU=":{"valueMac":{"type":"Buffer","data":"xV07VZBP5WJ2jZ/6hz3p06T8ZF5B6qlw9ZDnhQX31aU="}},"qCQGv7fEwJ9IOqPu3IWnoF9MvteX96OpCRrnprSHbxI=":{"valueMac":{"type":"Buffer","data":"pEgSwCUjPSHodrJUJam3nAuZQ2IU84qGNxvjchqY0xw="}},"qx11wvDfyB0pKlGsvZN08iyMriYOU17Hy0SnbOIwMrA=":{"valueMac":{"type":"Buffer","data":"Bahcq/8R/SgQ3E+ccS5sFhxR21fbhtp78iWd3zaoUjA="}},"q+McRFydaNlBxt6hE+ldwuIq2OfEVZZHA+imMMOxANU=":{"valueMac":{"type":"Buffer","data":"mc4ZTlnbIwXh1BoD3J1/qOHxFGXwj+Ere5kZiyNDNIY="}},"rAMKjL5kiH7vxaallpjskDufA37dGw9xLfWGuFCDwhc=":{"valueMac":{"type":"Buffer","data":"EC66DqwxQcUbNJvfE24OkS4Yc6HEkuHcStAHuwATH3g="}},"rJbEC09EkmAIcbeegI7b9IUqNe38u/SK61PItqOtk/E=":{"valueMac":{"type":"Buffer","data":"eVQG9pcDeTyAAcZhfuOnSulsP/Uj5e1b+BroSl9a5Gg="}},"rVLdmjD1wDUNdR4qiqJN61+hk0FGFIGVtRDndoTov1A=":{"valueMac":{"type":"Buffer","data":"2mxD7RDTxctVgLsxBi5C/0gPrBz4T4wK1gfTuYDHWug="}},"rwLPeESkLfo3JciZonuvZRdqzKFsXI6eVn/bdMg2QFc=":{"valueMac":{"type":"Buffer","data":"vD0SlMCRQHHfvAME5TjFM7TmzmDIaKNYN4v1W0hCSk4="}},"sHi2/p1K5xrO+CbvbhQ2gBYCbG141CfsSW0AL53orHw=":{"valueMac":{"type":"Buffer","data":"JNnfuHF8aHmTq99IttiaFUxwH3Or3ht1vOp9lgUZsVk="}},"sMq1Uw0zPo6bzeidrdvIt+pbVUO8+9l5mGRDhXdzUJI=":{"valueMac":{"type":"Buffer","data":"Ku3z+fTbSbpHUv4Aicv6GuM2INteLil4lMFkw8+Wtx4="}},"szReBmY8hNimD5M/FQi79Hp1gZmqWPl3tBVZ3HFfkCI=":{"valueMac":{"type":"Buffer","data":"O9JifoyDrjdGC/Szrc5fv5Y6QQCjFo4LvG5yiDuRr7Q="}},"s6/s19UoLBajl7YaMYLfC7rV5+f9na8soKhW4Cwdy0s=":{"valueMac":{"type":"Buffer","data":"akurFhdSFiDJ4gAzR6G4LX4zabS69cegusqZWcX7nlc="}},"tAm3ehSDqZsX0UVViV6mR48nplo/Gj4vpIrnFVRtN90=":{"valueMac":{"type":"Buffer","data":"eE0MBaaCbAuFYb00IlkmJ9RGZvcJ9gkz+UeCYUtEU4Q="}},"tIYBCLltJK9byy8bTxgZTy1pU0mN9nDZ0EBafxd0jGg=":{"valueMac":{"type":"Buffer","data":"2vf/GrEU2nn8CiykuynDkbrDl++52BXaEYUOK65kaG4="}},"tUJ9YIpRPcHgOw1Gz1CU4LeHjHiCVVqJqzMqOJTheDc=":{"valueMac":{"type":"Buffer","data":"b2O1IFmPqUmeaxy0AW431CxnF4d2yzgBS0uleCRRXJM="}},"tjGDh+60OIjUqZE2zLcKNktlLHYIOUcNd8z0U/V9ztI=":{"valueMac":{"type":"Buffer","data":"KFhEfWwmtdwJWmBFIGlWgK4zfeu+/xhZN+9HXL2yFhA="}},"ttmtchT102sHH8+O0sRkZnr/moYK19VOeuR9Ef/+lJ8=":{"valueMac":{"type":"Buffer","data":"UjUu34EBDe6Uyw9ltOOVysyktHUZWPjvJ68nVmos0Ns="}},"vBN60Gfp2F6AwfguBqDMGsn94qqxaTdpAwqac9r+4r8=":{"valueMac":{"type":"Buffer","data":"XndbyFpUwf1aUrkdcSDlxBNw3dPwEeHKDWoXXkwwsI8="}},"vVRAE8kOSgLf75LV+OLJGS+qQkm6ShBDIgU9OIVXQ6o=":{"valueMac":{"type":"Buffer","data":"MSli23DzfPUPeGD3GWA+EbxoJ3sokzNU0MJKTQnV60Q="}},"vWWnn7sz7t8Ym0TivCGiV8uQCSz8FiFrHldRZU2/YmI=":{"valueMac":{"type":"Buffer","data":"dL3v8C8sojffWbJqZGZ7fmORB0Di4bUvx8nduMVKNd0="}},"v+ZfzjFTdKhlE1gFsnSVOPuqnEborwe+Pt5G458UN9M=":{"valueMac":{"type":"Buffer","data":"xtou7Y/g89zGlz9kcqMwPJp4uab0WTHHJiSEGysCiJw="}},"v+tF44jzU5QrYmWSkCTHU2YREYuwvnHC8sZCp8sLE28=":{"valueMac":{"type":"Buffer","data":"cd+lhdddCo7l01nyYECYXf3+2DFP95gJ6Xm7TwExhhI="}},"wLwX3R3BPP8HO/ly3ka7T0JDpDBoxUHiUlIAEl3itGM=":{"valueMac":{"type":"Buffer","data":"lYJ1wLC5AOKQu/ss28mDBJ0dwMrA5cz23SpJ4P/ztnc="}},"wR4BJp1ed1kkparI/dAnz2vTAJyw4SDjJNTzjIyMO1w=":{"valueMac":{"type":"Buffer","data":"s9OuYvJ97sqOOJmh5or7iaTuhMrGn19vjvJt1RcqMPM="}},"wlyPul73IGL+WM9ippcb8cGRU3h9FbkZDVJ8SSYAzaU=":{"valueMac":{"type":"Buffer","data":"Glc9c0Aeuaj1mFvN5PlWbJyL2X9siySJ7dQz81DyxNM="}},"wt+1P05nbgV5vC+ypcmr1tnyT0HVSmrsa4HAnor6wFc=":{"valueMac":{"type":"Buffer","data":"j1qo8E/aoUbVX0DcZyEI0mQVEqHAICoeLfXKtnVrGx0="}},"xF2WzF5w8PV9SyP3zVotpqyYUgiS+9E1kJ4WC4n2dt8=":{"valueMac":{"type":"Buffer","data":"5Y/xnfQbtGFxuXZmr+H1rFAwiEIRPl15zPw2Fj8VkNk="}},"xWvJpKQQ60QqoQCVYD/QeJSX/9JaXPhE3YvlL6FgaLc=":{"valueMac":{"type":"Buffer","data":"R6IYmEPV0hsSfVt2QHoO4XZzr86fv6YQNqtWsdIe434="}},"xZZiYJ4RJqE7GyeSj+ibP1Pfv8I010IgXsUMwdk4BMk=":{"valueMac":{"type":"Buffer","data":"HLDZ0MZLs74dN1eVe56HlVOM+v7ap14pzYjYosuYar4="}},"xjxsmjxHqWIyHranLSk3m5SZqEEMFAD2ZkE6In8ZZ/c=":{"valueMac":{"type":"Buffer","data":"PEoTZdhIJWS+AN0MKihvBXs+nctwVN03yxrz7KReEHw="}},"x6k26WxzlUzl0O4FQHvZF9E/6ObhrgKltxJOa5H7VAc=":{"valueMac":{"type":"Buffer","data":"efFrIA+rpOYiGkoIw70t1UK+Vc9o91aDc+fffHwzuSU="}},"yH2gDk1BynMhv0Cl4+kuinINpZR1UNvPFR/qeP/DyQg=":{"valueMac":{"type":"Buffer","data":"w7zMJ8gQ/QV7apBtOhIBDrg1T5wuigHPNljX88iMwAI="}},"yIae5VLIt5wd7wMXWH1FHgI4sdd3VgSvBpeHiZCPKvo=":{"valueMac":{"type":"Buffer","data":"c2mQfUiS4pFOUOdjkctT3oKB+v2jkJr7F2K+ELjOZXc="}},"yLiIc5Utxt1XhY9Vx7ae99yIz1RuxV4WwYdIFNmL5QA=":{"valueMac":{"type":"Buffer","data":"z44GSAq5dQ3yZAMMeS3e3gFQ2SgR/NswYTXJufz7r9s="}},"yTnvpHltPtpp3I6fF3ybzcrBf1+q86Sh+0M0eREuzgg=":{"valueMac":{"type":"Buffer","data":"ZdMxJ/M3RBwKDqAdksD8uao3OIkD8T0TeZQ1GU/g3ZM="}},"yjh+E/gl7bWDEwVc35H9cS1UgZ1jTDsvngHddGirm4o=":{"valueMac":{"type":"Buffer","data":"MJPs2dkcWWrhx9FyLThWOWsg+NtTX2fFLHJykGM/RRI="}},"ykCZH7HAd0rW+xrpbH4XCKT57BCyHNBjcJlYMOqYW7I=":{"valueMac":{"type":"Buffer","data":"JabAgs04XLOcZHaUK8cLUJS3jkwcXiUoWJmACLIMYZI="}},"ypwWbG5qnRg8D+/nQZvuQiy901X51bPeDXNz57kH71k=":{"valueMac":{"type":"Buffer","data":"+DrYRLjrNrSqOWQBywZeH3hJYyeFerFlpCLFLSEMKaM="}},"yrC5qpI02xXAWmTu1eg6faNdd5bToraInN6n9216e84=":{"valueMac":{"type":"Buffer","data":"in1i2JK8bt5NIvhX5PKP+AM+WUsADXUjRgTwgEcT9cE="}},"yxR4atcKIL+EIZdZTGGsFiE2RV8qPnW+tqjx33WAvXA=":{"valueMac":{"type":"Buffer","data":"fLZhgIlj/0UumVL1b8jS7DTLEFRFXqe9K6Sf6NUUEhc="}},"yyWdPBLXGvz72dmw1IjtpFquO5KvuJBbh8B+U1BJos0=":{"valueMac":{"type":"Buffer","data":"5y/tG5qqeion5qxyQXtGldoVFfSlkVqUPVVgTVLeDk0="}},"y5RoY+hwtDPoUxhCyAB+cV47zJWyQvnJDeco3Ka1YRc=":{"valueMac":{"type":"Buffer","data":"1JJaLifThBKr7Mb8Gx5UlQ6wmqmSpIaIXwcV8Ua7nSk="}},"y8tBdvgWduCfS3w3wwFZo1EF13iBVYpDoYyrIr1iYKA=":{"valueMac":{"type":"Buffer","data":"xDPpaIrQUDh+YLvtTtgF3aXpjaHeZHSPI6RYnOyPgkE="}},"y+HET1gLM7ObtiiS7vtJjl31reZyvalBFJqWSxXZdQw=":{"valueMac":{"type":"Buffer","data":"RWOLAwyLMFUEZeDx869RlbZF1eJjbEgiEYelBPuPHt0="}},"zDnECYgJ2XxThcW2ZaDW6RgLpuHJL6EnA6L7JxD6bHk=":{"valueMac":{"type":"Buffer","data":"8WEp20xncIZHQGp0cgvpU4Rkmbbvp7OIG6Cmzjd07g4="}},"zRNV2Hzd6muIreu6LbPXd0rBGGUwylFFtTaVhKgYxnc=":{"valueMac":{"type":"Buffer","data":"MAomfRiV4TOARYGubklmRU46arT33zyqKuFzq+jiWYY="}},"ze6a26i9O7tAtr1ombHK3Jw5zbyFM2zkW2pusdHT9SE=":{"valueMac":{"type":"Buffer","data":"2eINO83CIl7Zov6tR0WVo2ZJ4iIUtZCLcJgry8dK4zo="}},"zrXaw1JTAF8eeDts0pp3iD8lvB4yEg9AQHJ+eiFr3LU=":{"valueMac":{"type":"Buffer","data":"lCBFD+V6tndKzu28bximNVjGSEHrn00q6b8BOi4vwNU="}},"zxN1TA9HHhBgPlc3lkhBClqPAwo7VbAZITIsTeE22BI=":{"valueMac":{"type":"Buffer","data":"Lcrv0OV/bXSbSZ3S3MtEMQVXcsB3sj54E+b5FOIX6j4="}},"z3O23PC1U12aym7RrXaLFtO5Vsh/PHHUd485sOXkTxo=":{"valueMac":{"type":"Buffer","data":"YFgPp3JWjv50kpM85qtJBYiZHRNJsqzAhCWV456FjMY="}},"z8571CJ6ecf8qwy6ogdDfJ/W+wTc7hGSg+lFP40IMvc=":{"valueMac":{"type":"Buffer","data":"NCKiy+PZnOSXF7DgxTKGdvC5jAN94GcbI4Hs9MKZgp8="}},"0AsSmYRg8mg/N0uEoOhPCQVfCrFTbEt/nJS65qOQ3fc=":{"valueMac":{"type":"Buffer","data":"41w/sBKEn01ie42dyJdb9iiDA6tkL9jrbJ9+8tE3mk4="}},"0KN26zX4iQgA5HC1Rdj6TssMJUsPKGenKzcEFjlSNpk=":{"valueMac":{"type":"Buffer","data":"WbhdUUbqrYaC36sL3GfcjsxB+XvcPXmPQEniWDlA088="}},"0ZXjv8psgbl1+BAZB5G77poNto4mUA7R+m9OlpXRKew=":{"valueMac":{"type":"Buffer","data":"rj75kCMqSIfHSahsZHq36GvQv/h/JKaG2wc/dnqwL5Y="}},"0x5TEt04R++SaLK0rV3jVU2VS7sgPXk3raFFr5wYZVc=":{"valueMac":{"type":"Buffer","data":"z0BmnE69QtitP08WqqLwiLud7zTml6JorGpcHV2EG1w="}},"07LkN0i7xKFVE/efT9g0lUnC3gP4Mkr/Ctcym5S9PSo=":{"valueMac":{"type":"Buffer","data":"qyhXQqvrlzUsfQNwBTPLt9ZgMVLiLzjHV/504oPfpGA="}},"1Hci9osKAmIVn0HDVq1Geql/hKK1I+6bP0B+tLqBTno=":{"valueMac":{"type":"Buffer","data":"usw2KvpdTK4Ntcg1wJuU13uJBBXJThFWtMVsFMbHfbs="}},"1IgoU26O3d1CNbT+S0XhUXKdeHjEMZtAJfx1aEs+A2k=":{"valueMac":{"type":"Buffer","data":"lNB91KemrHfpk34dtvZpS1Sy1GE2xctHNUlBJ1Ky+Vo="}},"1TANVRN04Ro1/ewlqDMc4t7uZjK5nO/qOEh7Y9/gpZ8=":{"valueMac":{"type":"Buffer","data":"cPthCxWV3GKg72SDZhaQyCDKbkshXHRoW2K6gOcU/G8="}},"1XhMpN1WpPEuLtBpZOKmjhSyY7yGIydqG8BaFUPA3qE=":{"valueMac":{"type":"Buffer","data":"n1lqvxK72FGp7CUHV84wsFYuT1kJFHqmpeHgJ8ZHU7M="}},"1j6YSXFhI6nxUtrbrQkdOg16VHUm4A4dTacPMJSMKpk=":{"valueMac":{"type":"Buffer","data":"w2V8aKZ20MLLlxXsXd46+HNMjOfuBhOh2j+m9cFtI78="}},"1nY1KmZpK1avWEKV53RU29zgYhAX3nQw9Zh0qNp+F4I=":{"valueMac":{"type":"Buffer","data":"VRTNoBRJHUvInDuVMoLdhmuaS2yHjcR01WgmQfCtBJ8="}},"1s7UZwHXriCKTbtF6kKSqEoC0H9LyJIDU6lAbhn8swg=":{"valueMac":{"type":"Buffer","data":"QWMEPJOGeLXpmSzrImL2WuxaCJ+IrQYz3U9Ae54hpSE="}},"12URd93BAvvALT5w2Giq1r/C9CeW5LcTTU5+v+pAG1U=":{"valueMac":{"type":"Buffer","data":"syrNVAxZhDuuA5hb6aYyZYLt8zJrvkwCbMxm8WSEACg="}},"2BiwsofjtGakegIEscvsDlktQ6tTfE+XB3bgKpfESTM=":{"valueMac":{"type":"Buffer","data":"Qa/To3AzkM4FQoSlyFBxrjklnXrH0GwSWRI64NUpk6A="}},"2EtU6oTyKhrvsI7kYknxC5wZ1ct5Y9KXUR3AzgrFd0Q=":{"valueMac":{"type":"Buffer","data":"shdOcr5xgDAqT4jBeI1l2TvBzDAo6LvOUSrWTNIB+a8="}},"2J4tGUH5U/1+NfCWHQbMQmjwBmh/oss9ZYLF3LNIzbo=":{"valueMac":{"type":"Buffer","data":"4U/i8H8bqKABJspf3GnbYKI6hIT//3HvYxcEzMIlO1E="}},"3SYSpnUKrEcM8prDAwDGzfcgSCTr8SqXKtt3TeJcXnQ=":{"valueMac":{"type":"Buffer","data":"EaXDTjI9VEdp/Kr6T/xZ8/ifPBTnSyC5+iiW+u992mI="}},"3TgGlw7eUpACcA2N3YE9bUPmYOQ5Yd4UTmSz4utrJj8=":{"valueMac":{"type":"Buffer","data":"BufcEaUj3XWwecalqqc6+ZpdVOGziHj9OR+5IygIp2Q="}},"3dhkk8DmK5z48F/B+AYOlUbyy+ecyMlIu7q91CDeOvM=":{"valueMac":{"type":"Buffer","data":"cQuO2XvEkVb1TYIhpXfrFbydPeEyZuT91N3Toc+++rM="}},"3dlJfzFEiVBlWNrDSbM2tfT+0zG6GOY0RLzzawOtmSU=":{"valueMac":{"type":"Buffer","data":"i+MregCe+Ra4cALnVHIdsRZfZ5KvJVqeVf67BH3OjGQ="}},"3vZrKmHEy0uAodfBDwAEPjNMXLc6y44+r4+Lx8/2aEQ=":{"valueMac":{"type":"Buffer","data":"FvapE1Gz0M9hP90BPnh5+Foigqkan4wSPr9938Phctw="}},"33uz8eL07x63d8eFSmnn+SKfqAp/Q7e99Cu2IUagl/E=":{"valueMac":{"type":"Buffer","data":"uAdWL/9Vee8iHP0kDZU5o1fK2ShiJHqddnoDNngTks4="}},"4AXxUeq/UhR9oDucGPhfzFICZ2joEL688kJmYs1OUqc=":{"valueMac":{"type":"Buffer","data":"G5uBnvNldCMc5N/RsZiwdF+i+3jyrdmiBRaHGc3CuuI="}},"4MTfjYf/0H9rjkSi4OeLAou6GQH/CwB2InWrYYvEvnA=":{"valueMac":{"type":"Buffer","data":"l1d0bxr+xy/lkhGWTvspswc+jPbGI3IaXIK4ScZYb1I="}},"4cinq7LXrnmx9m6/cEx320XvU16szYOkd9ClyPayMrE=":{"valueMac":{"type":"Buffer","data":"bd0zecueS7qSjfCjW2vFtoSKCvTzh1NOTwgJLpPcOwA="}},"4jIWokSO+GWeVYpBvkfgjhAj0g3YOvLsdcGJ/kng+nM=":{"valueMac":{"type":"Buffer","data":"M0yXadawtbHtag4aww6dABNbC7D3RyiM7QfctXatoZQ="}},"4l1QWCdNXnX9j95r9RRC/N5zTQZLMZA9575RzWH2ecU=":{"valueMac":{"type":"Buffer","data":"c/3RzOjcvAjAnrWsAmBmIfEOX5WBjBWyi+SSHmBnU8o="}},"4nh6hqpW2btGvHuhxWo1BXE4tXL3dzVmjaLl6grtxSg=":{"valueMac":{"type":"Buffer","data":"EcpYKnKSsmPdCeP5+p5+zdWxZdCDARdHogIHH/htgq4="}},"4pzPkp6AZv8SD4HaFN+JoPSu2QSeMRuIbUsURF4H00M=":{"valueMac":{"type":"Buffer","data":"bvbRluYg/ZXQy8J4BtMNH8BuuyhimanPRRVPCuKQcDU="}},"45OdImSz5wmUyTI93x6UCpceRRhtYCz1nJDl0FvPa0w=":{"valueMac":{"type":"Buffer","data":"ur3HSz6w7BLHsRLSu/8cKoEMk/6ChK3o42Yl2UKPaO8="}},"5EOPeQFg1f+caLD3jq0T2OsbprRNZhyPz2TFNZNrwHA=":{"valueMac":{"type":"Buffer","data":"qe23IEe036iLUyRlFTb5lUd/034knxlWUo5tQhztPdY="}},"5KLqpXSZ9qS6lWUV19Gx5ZulRq0m8p1wp3ooUct4LsM=":{"valueMac":{"type":"Buffer","data":"M9Y2+u4F6vS5CO394laSs34sxyWSQkcLXZjLZs+p3M4="}},"5Mt7XVLWLrSU/KiMLrw42Js4AgTHptw5HDatSP2ZVRM=":{"valueMac":{"type":"Buffer","data":"932kyG+w5gPz+zfMfWeMW+14x/t0m2gRuUGA4HWJbY8="}},"5OvzgK1z587tnLeLpGGPh3+0KPStp2FwS8NeMRC/xXQ=":{"valueMac":{"type":"Buffer","data":"4bGoAPL0aEqnZtoZtrbTVEdS7HhCsp5gbzWwDGWcoz4="}},"5bhOKhfWQLfGf8Au2/0e+rIOyPqrx7e+cIyQmb/Ivl0=":{"valueMac":{"type":"Buffer","data":"VGJh02Dta/tbzLShxFrbW6EOIgA0+R10ps50SNQo7iQ="}},"5ds57oAG/sjh3TACVQA/JEFb4FqX0ab5eXm/+/ZmOSs=":{"valueMac":{"type":"Buffer","data":"HC6F2Fu9i96xr9O/nOSgBmMqF0z7K+og+Fyn+iK3Mn8="}},"5gv+YhVs2eKjUcdoUJDCKzxIPZtqShbssyLEW+WSdCc=":{"valueMac":{"type":"Buffer","data":"a5ixieskOpBfrxCI56q92um/lZp9EolJQXw9DGUK5HE="}},"5h7QUNZhBij7O9tUOZ5r7akf1EJF8wCL7darE0R6WXo=":{"valueMac":{"type":"Buffer","data":"CyLbn/2aJTnI3GT5fvFxzsvX/CdkbTBZ2Tot9fwnapU="}},"5igSvbYFUL+iYetW6w4lexjoYlKvu5MYmEL2jX6EMQk=":{"valueMac":{"type":"Buffer","data":"sqnbRVxGnYS9+3Y+Jx7fVstjsCwZtO8ULsIldetyMiA="}},"54Mp4QmMOqizRR7xe+M2zKA3uJRtfxOFlFqMb+CLXNs=":{"valueMac":{"type":"Buffer","data":"Teb/Nq+5HYKsVs8FVDdAon7zFLh567K/s5o34ZyvWis="}},"59zrjUlPVt9GwsZ0RD3HbhD3ESmfWh0FXg3tF46rsfM=":{"valueMac":{"type":"Buffer","data":"JQshsAKFmQoxWlH0VkWBP+vx+ZbG6c9vG+RC73WGW4I="}},"6f+ym7VjgYjUbZ3vpH/QD1VTpvX4OX0kgQ+3HEbjb64=":{"valueMac":{"type":"Buffer","data":"NQxbg21Tz0t+LcXtp9lwxi+7VPgpnmvStHi/lwiCfpo="}},"6pzLUzksdKMdWDXlvSPLtIvAWTTRoMnBdtblzBpdjEQ=":{"valueMac":{"type":"Buffer","data":"Dz7gup7fbmgKmW0rMsvaNdoESmK1x1WGgAlXqMbHMPg="}},"6uRH9UWPGe9Cx3gnB7DIk2YP9GQ2p8GCB3JtM6zC3rQ=":{"valueMac":{"type":"Buffer","data":"zBX1qAr2Gwr+jG7K+j5h/3YjqPBzB9hAJLrA5LoG8pE="}},"6uyuXpQ381sB9YA/TdAaMtxVm31+4Jsk2l9ATBiZa8o=":{"valueMac":{"type":"Buffer","data":"IktXp6R6M6Fpy+Ls8JxOivovT20cK2dnLJY5wXREBjE="}},"6wG3np6Cvt5w2ImM6QnPkREJxkMeZX7wHnUCvfEVWX4=":{"valueMac":{"type":"Buffer","data":"hANz7sJR7jKwWo37SrCPwVJkZSns6O1M7vP4w7Z0qNs="}},"6z1rx1GRaHY8vfl1Jsqd9yowe2rgk+6cmpvFSxLjwGE=":{"valueMac":{"type":"Buffer","data":"Gc0nk+YWFe6IUCm51RH0cj8Mmjm8pP9U6v90NPiwyuM="}},"7LNSgay6Hdb99KBVhGbTRhZpTHB1EUcx3wSSKdBsBPw=":{"valueMac":{"type":"Buffer","data":"69t+zgPtZqkvqZM/FvXRRU3u7t5nvAgiRrrUMxKYHBE="}},"7XfOEwB7sAcyE43zrum9BoyjEqdYvqHmtyxD/XRFP4c=":{"valueMac":{"type":"Buffer","data":"ZRywhKlZ0gML0v8NdT17qyqvTRFSRtfrl4J85fyGxHo="}},"7p7VRBJ02/EIc8Vn3iWqQQjWmSNz2ISXvQTSQ4byTks=":{"valueMac":{"type":"Buffer","data":"GEgtK9g9OxbHxmTznQmRZLVQjrVCJ/jUTvgIVdMfDgE="}},"7u7p9KWbKpverv6UuqfoJEmGwFwgJouLpSk5OTk4k+g=":{"valueMac":{"type":"Buffer","data":"4MW4dQi57BzeebmqYxo4gpdiWgODCh1095VigUW2ZJI="}},"7vDRWFZ6SKOq3bo9o5zTAIFSN8YoMksecOlmMTlGYlM=":{"valueMac":{"type":"Buffer","data":"MLMQtgieOEicWHFHwUe791QBSP0he4a5ZC0yVqqH1BI="}},"79ay1Lg1G/K2kJkjkvQeQOC+OD5nnRBYH6gMQB4KoDw=":{"valueMac":{"type":"Buffer","data":"DEdb6w7tQYanPVyLlhGaTdwA+s2B25Drl//rpeTfjDA="}},"8iCO4bhxRuBFKiZv2f8IAoCeuGY2cYbBhCoipn4YJCU=":{"valueMac":{"type":"Buffer","data":"MTpP5Zk73uyJhtllu5L2L00CRTb09YJSaw8gRo9wyk0="}},"8wCdPpB68PC12ek0jSfN7sLB7PS7Lw2hS38q5qWTEcg=":{"valueMac":{"type":"Buffer","data":"jS0Kfx2Zyqclz3eD9BSh/RwHa96HvVNQK6D75/VAsbY="}},"9JDgYG/H6R1GLUUmp+x5sWXyDrlzysFne7u3MTdPvPk=":{"valueMac":{"type":"Buffer","data":"7n7Nc1Y0A3ZbuEDes2m3Jnzqr1nO/DNpprKcxclq8+0="}},"9JS+KLBuSjc1rBkwtlfV1Rwl3wo+j1f9cjBthRsTMtc=":{"valueMac":{"type":"Buffer","data":"K/ioECi+DTuGUYHrGNB6xmlFY9msdprPfDntYRLdv/U="}},"9QkeEOCSjuiZtlHeUx2sVdW5ARh3QYL3pwZ+DLzx8gk=":{"valueMac":{"type":"Buffer","data":"tm1rY2m/QUNQKX1yRw/QK0NJ/fzEDg4kUoaP3+BnceQ="}},"9Sa5ajJCwYiOWhhVvVYx9C6dePE1YBzAN9RYcWWHv2A=":{"valueMac":{"type":"Buffer","data":"LgHAITW+Tzo2IfLHQka1IQfUFYyq9J9+Ro/z5iv1Boo="}},"9Sk9Xe0TA4bmGzXI0Bt88ZmwykR7GbFalcmhuuTzRak=":{"valueMac":{"type":"Buffer","data":"B7ryW0eX9BNH3B89rPSWfQu5y0Y1Jzol4PUCE6FktIk="}},"9ZGhoXgQpEB0bEhP3nW6+QNrHpShTpKMdJqJfmIj1cw=":{"valueMac":{"type":"Buffer","data":"k0n5QXf36tFJmMJ2Ve1YH9x6XF0deyZDtl7nXASs4q8="}},"9ceYJExpl7nm06uIRStmgRTBat+2kaL5JkYGnxHbSfw=":{"valueMac":{"type":"Buffer","data":"/jcPlaOBrGQVlrisOXgMFZUpJ6W3XdexHRmzO4WZTSU="}},"9rH//iLNbXxei/L9cu/9sEXzc5hfaAFBxzAcLbvAh1A=":{"valueMac":{"type":"Buffer","data":"CYUacYLE76LO12MWGCvSCohbDD4j8tNyE3n1k04UdFw="}},"9sSGC9qERt4l8HyNoFQpwhR3/WfoNYZMzZH29Vfb5T0=":{"valueMac":{"type":"Buffer","data":"ZAXrnovT3ueWkVGJxV7Y/1Axrrqqr6X3CNwXKLLKpyA="}},"95O7C3wNDfl863cgFqnlFnC6uGn6FZHG/9oDLHGK5Uo=":{"valueMac":{"type":"Buffer","data":"BgBK+Q7dTz/Zl2tz9iVV4E/Ty19INo+mEAJ0zwDQToM="}},"99tuzL+eMSO4rbFCqKpdDwEVI1FDQbFYuICPnOAQe5c=":{"valueMac":{"type":"Buffer","data":"CZpyQ7T9nhoQkqz6iPm/yIJnNev7dP3ca6+1HtonLD0="}},"+KKbKGSwYok8O071OfF+uP4OL7gaOtNtQHvfn/QKWCU=":{"valueMac":{"type":"Buffer","data":"QPsR1P33kCZ7+IVU4qps4EPJz5dmlPZ7lTtAGWz+xNQ="}},"+usgL1053A1swOUJAObiX/9mTb2CSfzFtpaGkOUwDyw=":{"valueMac":{"type":"Buffer","data":"fUAYGMiqhddiSqvxqIVP6t32bo/Om7fVE7MBepArV6A="}},"/A/0QfE8agEwK6AfcDIHz4EYR+zk8ebpbLXmw0fePP8=":{"valueMac":{"type":"Buffer","data":"To4/TPqi5PfRW5svLlVRDMnC0kmi61bmIJQYaI1AT7Q="}},"bRHTy4hiZmOPX3H/tjILZ3rqnY3ckHn3P+xL31V/c1w=":{"valueMac":{"type":"Buffer","data":"RfNrWYPgqbgtCMX9Ufk1sZHFwTLGmViCoGlqGGswg18="}},"sXmuLglT1d4Lle6u93MH01iIcj49RX7tCOXa58PeLcs=":{"valueMac":{"type":"Buffer","data":"CuZaBnc0yZICnORsITEbhnrFa28hb61osI5XjkVq2bc="}},"me3XuRCZ7lpb0DdU48lncgh/zpBNK7igvh2dYCxgauE=":{"valueMac":{"type":"Buffer","data":"hCZBCs6rieIIqSYonaVxlHrZye6W67yd+rgyuE/MRio="}},"CFD5ll4eNePIl/ibHoiBif4xN2+jnfpQ+I5qebVRD4E=":{"valueMac":{"type":"Buffer","data":"cXG5vA+3Z9YuyACJz4P5ES4Utar6RdqyC2tgDGfaZE8="}},"244n7S1KjGoIt4zToGD1IfxWnRPT+vgDvOGH5QqW4Co=":{"valueMac":{"type":"Buffer","data":"ConPGQ5u/BbPbGq23kJkIi9USbG55C3sr+5Ch99/Hoo="}},"xQ+URoneeWkv+R3lNHP/08efGYZDVFH8ju8usMsVj0s=":{"valueMac":{"type":"Buffer","data":"9NiG3VN4EZ4ZxBKzL27P8RHO8+gSkKPfFUWcuoSstp0="}},"7eQvZvhSt5B+2o1hcGWXxDsLQLpLfQ2Dnzu2SDN2oCI=":{"valueMac":{"type":"Buffer","data":"Nk/snEWZpudtSIw8d2EpVwfVoo5w2u50CdVd7e+Ot3s="}},"JbKLY+YTgyYqypXL8gsVIGsA6Gl2Xcc/qzKq0xprfxE=":{"valueMac":{"type":"Buffer","data":"m2QockOkQUrT5ATeAMCvWZZQZtqBf/OTAibOaeAh56M="}},"CO3eiC6DtrK9UC11Fdwc570yQj15OwiAvcnFT2ZLTLM=":{"valueMac":{"type":"Buffer","data":"ABOM8FQWXb0dqKVheuXhVRJvNx23QRweOw15J51lFI0="}},"cHAMiJQvyOtOJ4wfamPZKBb42xFjg+2Y/w0h6PTc3og=":{"valueMac":{"type":"Buffer","data":"2MxL5Y4jDXCx378DG5BHtMzdfRb0leDrgvjKThsowbU="}},"F+ckuV//264zS3Nbgj6VCc5L/3YTUqaXQFCsBOTZXEE=":{"valueMac":{"type":"Buffer","data":"iIn+kBgQ8fLkf2piilrmMz3jUktHfnTaqRu/v08cqQg="}},"QOWQ+AHtBlamOiAwLKuivskKb+Kivv0J/xoScrsg7yw=":{"valueMac":{"type":"Buffer","data":"21CafV35UbFpcdZCrqcABsi8j/1m2cdX7N7n2mTakqo="}},"Kizkm/EQwIp2qLOF+x9w/kJmDFI7IsZh2QZi3uWl7EQ=":{"valueMac":{"type":"Buffer","data":"MICzpUf6tmTwy9/xnNcArsd/xi7VK4Cx81quQk/Diaw="}},"ytoDSnNmF4QKC/W4dSdYLd1btgodej6Jbu/o7PUg4fk=":{"valueMac":{"type":"Buffer","data":"laZ4QJr0kA6Dk+qVuOVuAXtr1VJW+wnEKyVpVH7Z2RQ="}},"qG60FWQfbKpK2rPN5+HzuSIaEh0z6qAgELufeIUOGIc=":{"valueMac":{"type":"Buffer","data":"y7jF26WDXDXAPiZcXJ41onoaUQc8jHDIVI0Gx/onpOY="}},"Dgvk4xXLutn1VAerjbXN9YlgB5KsMlgo/eKWfhTqjjY=":{"valueMac":{"type":"Buffer","data":"PJ/7HgoI+bV0i80y4zBpCmREqqKRGAGkLdP4WmqwJfc="}},"MIWDL8uB4e3TujF6jrIDeAP8y1APnJktfq0XZpaohpI=":{"valueMac":{"type":"Buffer","data":"HQ5yHuAR6o975LPQJ+MEePqr6GPwv2datavw/Up/pE0="}},"UZlmjd6Af64llswLwyPHTjjwOsgYJ7uMPZs1F+DdsRw=":{"valueMac":{"type":"Buffer","data":"JVExA9IqmhFzwslff+ZY/b+xr85FoCt3TuttS8BSIQk="}},"PA0BzjCXAcfEgjZtVdF5TNFvVHaFqfDs58Jg2hUAxdM=":{"valueMac":{"type":"Buffer","data":"yGD/cn3nwbA7+GlWGdwXRmHBWnNde6G21nKOgeRMmJA="}},"wEDMZFUomXiCVJz4H0kSCln7t5f9Vzbiuvpfgiwmw7Y=":{"valueMac":{"type":"Buffer","data":"tjPKI+Sl13vdkNEt6VmFXGORfKStTNxr1SVNoiB49pA="}},"i1s6ZRPWPHScOuKqGcTM4ljbzgtb9AHHrh9dzTyoq6k=":{"valueMac":{"type":"Buffer","data":"/ZOsG/F6hcUkWom7YPAdVKsf9KMaaNPdZVQxWyfjem4="}}}}