{"noiseKey":{"private":{"type":"Buffer","data":"sKmWMmYKaBKlGNYzGGAxyttj09sAcqu+yOSzrh2eUms="},"public":{"type":"Buffer","data":"UTmq6ami9TSTu6LtOpuNbR+bmCxxO5/vH1Hycg1nJ04="}},"pairingEphemeralKeyPair":{"private":{"type":"Buffer","data":"4Cvo0awFaez7gMbFRn3fnNgdjheqXAzrjRvF+3lthmc="},"public":{"type":"Buffer","data":"y+Xeq+uc9+Si7XBBB5DOUHnaKwfz7x+4v50sPcY1lkU="}},"signedIdentityKey":{"private":{"type":"Buffer","data":"yCWKKL+ejRUraWQ6+r2P3QcWzxABuLzyvb+QJicQhl0="},"public":{"type":"Buffer","data":"D8sBNBtA7jXGH86NKU+KgRzbT4MeeumOSGEJBb9KrRA="}},"signedPreKey":{"keyPair":{"private":{"type":"Buffer","data":"KLtCK/a1/wPtP/HBVRYHHELQpwnPtPwDxFM2Vny5AW0="},"public":{"type":"Buffer","data":"CTgfsGOcVn59W8OZX6GkyJ0NRhJfTSfhI45csyJ9whU="}},"signature":{"type":"Buffer","data":"s0OWjfzZhRoc4NlphLvgdSEhskGEqJzkJOvO9PU6Y83y/98JJ66B83D4sEVfE3q2i5tO9UNvrebsU6PO+7iEiQ=="},"keyId":1},"registrationId":49,"advSecretKey":"XrrKaaf871sW04BJDUvhtF9mnRRLOiC+8lxl0r7FF4Q=","processedHistoryMessages":[{"key":{"remoteJid":"6285706536005@s.whatsapp.net","fromMe":true,"id":"2EE7E356A41F7B3AD045C9BF39D4B4FE"},"messageTimestamp":1748792434},{"key":{"remoteJid":"6285706536005@s.whatsapp.net","fromMe":true,"id":"7233E6F0EF2E66966DDD69603442B5CA"},"messageTimestamp":1748792435}],"nextPreKeyId":33,"firstUnuploadedPreKeyId":33,"accountSyncCounter":1,"accountSettings":{"unarchiveChats":false},"registered":true,"pairingCode":"FB6KWGDH","me":{"id":"6285706536005:62@s.whatsapp.net","lid":"218794794479746:62@lid","name":"時崎|𝙆𝙐𝙍𝙐𝙈𝙄"},"account":{"details":"CM/Rjd4DEOvo8cEGGAsgACgA","accountSignatureKey":"8giKeNYGqp0g2Dp+jgCjsrcOPlyKppdbTumdkzR9JDU=","accountSignature":"+cghPOOcpEno2cwnzyGG/ZJUCvE1arLZyyW1JUCyQTBD0AV2h1aJ99Tsp/VMiFfzvxetZ1+QWtSTAypBDZcCAg==","deviceSignature":"TSfeh8ocgZ2zSm3ActcZ77Wps2l5UzTXRArGDvHNlG8PETr9k080ZCg2SVEM2vJuELnhw8vP1HYEbpWIvghFhw=="},"signalIdentities":[{"identifier":{"name":"6285706536005:62@s.whatsapp.net","deviceId":0},"identifierKey":{"type":"Buffer","data":"BfIIinjWBqqdINg6fo4Ao7K3Dj5ciqaXW07pnZM0fSQ1"}}],"platform":"android","routingInfo":{"type":"Buffer","data":"CA0IAg=="},"lastAccountSyncTimestamp":1748792478,"lastPropHash":"3R9Z39","myAppStateKeyId":"AAAAALrC"}