{"_sessions":{"BXoz5p9yHTJFBRR66YjpnByGCjEYUVHHJaAhR9jsnIcD":{"registrationId":634189305,"currentRatchet":{"ephemeralKeyPair":{"pubKey":"BUpnvgUJwTeQSYh/CVGP21Hohizo7cmz8AkNwZVt9Qow","privKey":"WFVdfo/I0YFC5aORBhcPcaSBKsocPG4CHgkn08hyS1w="},"lastRemoteEphemeralKey":"BVmz1DcBfsKfo2BL4VPXaPcBjRMqEmsZZy2ZNdQfOIVT","previousCounter":0,"rootKey":"CbxwqzAYFdcUsPflB8abjOohGLNDyUHdZ4pPYWV2nDg="},"indexInfo":{"baseKey":"BXoz5p9yHTJFBRR66YjpnByGCjEYUVHHJaAhR9jsnIcD","baseKeyType":2,"closed":1748936160683,"used":1748936160189,"created":1748936160189,"remoteIdentityKey":"BUpMY51E3klC6FuzrcSdC07KhrLOlAS5SoKCK0H22cs9"},"_chains":{"BVmz1DcBfsKfo2BL4VPXaPcBjRMqEmsZZy2ZNdQfOIVT":{"chainKey":{"counter":0,"key":"D+LV74y6xc7scv+RLgBkaqxsD7OOzX/gx9uao+1sy90="},"chainType":2,"messageKeys":{}},"BUpnvgUJwTeQSYh/CVGP21Hohizo7cmz8AkNwZVt9Qow":{"chainKey":{"counter":-1,"key":"uv7G6qGULlJ3JW00+8a8bQtUsFTY+bzsltKrDupwQWM="},"chainType":1,"messageKeys":{}}}},"BfwoyLvOxGo3vrH04Qhw67k3j2+L9w5htWHPdd26opdg":{"registrationId":634189305,"currentRatchet":{"ephemeralKeyPair":{"pubKey":"Bb63iXKYj3k6rDhNIeFcGQZqrVOC1sgg/EdmGsGkDsht","privKey":"AJWnCn1EFN6u63Ct0RbZCLLlT77WDarnh4E4mVipv0o="},"lastRemoteEphemeralKey":"Ba6BEKm+pVw8xkfUcl9VDrzZ6tZvJnMJAXNEIiTcpila","previousCounter":99,"rootKey":"n7Oblh/fV2WjonJEJMGUWcLXMalclEGP0IXdXzfZi3I="},"indexInfo":{"baseKey":"BfwoyLvOxGo3vrH04Qhw67k3j2+L9w5htWHPdd26opdg","baseKeyType":2,"closed":-1,"used":1748936238670,"created":1748936160691,"remoteIdentityKey":"BUpMY51E3klC6FuzrcSdC07KhrLOlAS5SoKCK0H22cs9"},"_chains":{"BbHdHHxwB4uuvwb0nmU/zizlY+vpoSFM/ja6c4aOSvly":{"chainKey":{"counter":2},"chainType":2,"messageKeys":{}},"Ba6BEKm+pVw8xkfUcl9VDrzZ6tZvJnMJAXNEIiTcpila":{"chainKey":{"counter":0,"key":"lA9nDhDODdcVPIKYQQ0WlQgMw/D391rO2dpSkN2TKf8="},"chainType":2,"messageKeys":{}},"Bb63iXKYj3k6rDhNIeFcGQZqrVOC1sgg/EdmGsGkDsht":{"chainKey":{"counter":1,"key":"iz7XjTxcaQIHp8YgD+2DbxZ7Kfc/SksIL+UApmifcS4="},"chainType":1,"messageKeys":{}}}}},"version":"v1"}