{"_sessions":{"BW2e3QliOLIIdU/x03rM2FBoEpUh8QQ+GG3uAHWmG1ws":{"registrationId":1842476291,"currentRatchet":{"ephemeralKeyPair":{"pubKey":"Be6SlvUpDqSSGQM0Rc7xC0atu4XYB/lQXG61DRItytA3","privKey":"WGq2+a04Vrs2FcjgpGGpGPCdED1H4M9ZOGTS0d5GOXM="},"lastRemoteEphemeralKey":"BRRIto6hy5lfeEUbmVNLPjy2jb+umk1jUqWMRXk5TPkB","previousCounter":0,"rootKey":"m5s/8KKeS4xLN5IH/AR1A/tk5N3Fb7SaFuzeHGHp+GQ="},"indexInfo":{"baseKey":"BW2e3QliOLIIdU/x03rM2FBoEpUh8QQ+GG3uAHWmG1ws","baseKeyType":2,"closed":-1,"used":1748858776244,"created":1748858776244,"remoteIdentityKey":"BdE5Kmysksy23WPBoVbjVOxZUe8WIhIyJN1p7Fr1Y0I5"},"_chains":{"BRRIto6hy5lfeEUbmVNLPjy2jb+umk1jUqWMRXk5TPkB":{"chainKey":{"counter":2,"key":"GsCkmmtVryy4T/gmBGdQwV84js6Q+b/SXnrFqzTQOg4="},"chainType":2,"messageKeys":{}},"Be6SlvUpDqSSGQM0Rc7xC0atu4XYB/lQXG61DRItytA3":{"chainKey":{"counter":-1,"key":"UZj54B0luaMtOwcHrr4U/dx6/sQYTeOHfKnRe0/Q0pI="},"chainType":1,"messageKeys":{}}}}},"version":"v1"}