{"_sessions":{"Ba/9naTTLmFvdau36ew05ap/CqtpJmMALYeQ7qsqLIRt":{"registrationId":1785663509,"currentRatchet":{"ephemeralKeyPair":{"pubKey":"BcPb8Xaut5zG4a6EHBI8buP6AE8oqSvbDRX5eFWb7bR7","privKey":"SN/osp1uV+ACXbH4kKdJleCD/uUK1QHw7aB/WfYSIGY="},"lastRemoteEphemeralKey":"BeHAWB0TsA0wxR0BmgInFkVuchVmDefFsmgtoE4kOnwP","previousCounter":0,"rootKey":"vBP88usCiO7DCnNSE6KhtfTyz/EgxlpEEnHGUBf8+iw="},"indexInfo":{"baseKey":"Ba/9naTTLmFvdau36ew05ap/CqtpJmMALYeQ7qsqLIRt","baseKeyType":1,"closed":-1,"used":1748936159726,"created":1748936153657,"remoteIdentityKey":"BfIIinjWBqqdINg6fo4Ao7K3Dj5ciqaXW07pnZM0fSQ1"},"_chains":{"BRosLGxo2r4luKYgqFczEFIkSlI6C6+E0DvlGF/v8D5N":{"chainKey":{"counter":0},"chainType":2,"messageKeys":{}},"BeHAWB0TsA0wxR0BmgInFkVuchVmDefFsmgtoE4kOnwP":{"chainKey":{"counter":0,"key":"ruQkUEqdHm735e+YXasPAgRYgygVbhwiGbQZXT/e4eM="},"chainType":2,"messageKeys":{}},"BcPb8Xaut5zG4a6EHBI8buP6AE8oqSvbDRX5eFWb7bR7":{"chainKey":{"counter":101,"key":"LUHfoLsS36hz2stMSUlCfLmBtG5/GbJR74qSLjfA0C4="},"chainType":1,"messageKeys":{}}}}},"version":"v1"}