{"_sessions":{"BXkkke7yMT2leNjV2kUYBpSX+Tc0QsK20AEBBaChGCRj":{"registrationId":226,"currentRatchet":{"ephemeralKeyPair":{"pubKey":"BSuPLceD3reQy9tOl5K4VaTiIoibZPnLp/Fg2mFoeFAb","privKey":"QAa3q6LBtCKnB4b3Cy7TyJokuM4fzUJWpLyv1mgnj00="},"lastRemoteEphemeralKey":"BRi8ZlKD0wUg959vSR1FeKe1VAvDvg4UsYnENTCOCssj","previousCounter":0,"rootKey":"PsDHObBFVbcPxYnbwEtpNJzUIM/weV+TTchdCGO75jE="},"indexInfo":{"baseKey":"BXkkke7yMT2leNjV2kUYBpSX+Tc0QsK20AEBBaChGCRj","baseKeyType":1,"closed":-1,"used":1748936234185,"created":1748936234185,"remoteIdentityKey":"BahBsBYMeSF6NZeu0Zl8PybZLOkkPxPjyVWuu8+cMQhN"},"_chains":{"BSuPLceD3reQy9tOl5K4VaTiIoibZPnLp/Fg2mFoeFAb":{"chainKey":{"counter":101,"key":"kTt0IPJFLeeMtItV0bp0wCzVzJFBeD9PJqK5tuwSi4E="},"chainType":1,"messageKeys":{}}},"pendingPreKey":{"signedKeyId":1,"baseKey":"BXkkke7yMT2leNjV2kUYBpSX+Tc0QsK20AEBBaChGCRj","preKeyId":50}}},"version":"v1"}