{"_sessions":{"BdF6OeYApksETFX8iCLkJ03toF5gLo576z4OXZZC8YFb":{"registrationId":61,"currentRatchet":{"ephemeralKeyPair":{"pubKey":"BQ/x8uDZ2WsGlpWqV48eRcpImXUtBWSN0jOaTG02K5hv","privKey":"eHSCd5dUI1iKvbD152ump+k95H/yHQ35B7RR1nBeAWY="},"lastRemoteEphemeralKey":"BaJu7FxIupKvvScIETXjUFsZ2TSuFYy+qvvGsfpDo0Z+","previousCounter":0,"rootKey":"FPoSo8tGsTIqk0aFj63dZUWzzEnuIs+/7OJ6M8fV0SM="},"indexInfo":{"baseKey":"BdF6OeYApksETFX8iCLkJ03toF5gLo576z4OXZZC8YFb","baseKeyType":1,"closed":-1,"used":1748936234175,"created":1748936234175,"remoteIdentityKey":"BWTeoR0b/Ef0bzYpAKrgB7nH0EeOu2UWkSTSgoYqluwc"},"_chains":{"BQ/x8uDZ2WsGlpWqV48eRcpImXUtBWSN0jOaTG02K5hv":{"chainKey":{"counter":101,"key":"n/D3mManawgbQiTiF6zM/j/YeNu3vOM1x892HVJ9JSs="},"chainType":1,"messageKeys":{}}},"pendingPreKey":{"signedKeyId":1,"baseKey":"BdF6OeYApksETFX8iCLkJ03toF5gLo576z4OXZZC8YFb"}}},"version":"v1"}